geometry,Pincode,District,Zone ID,Zone Name,Zone Type,Zone Speed Limit,Latitude,Longitude
"POLYGON ((77.6751096 12.93060255, 77.67510478472667 12.93050453285967, 77.6750903852804 12.930407459677983, 77.67506654033572 12.930312265322746, 77.6750334795325 12.930219866567635, 77.67499152126435 12.930131153263174, 77.6749410696123 12.93004697976698, 77.67488261045335 12.929968156715836, 77.67481670678119 12.929895443218813, 77.67474399328415 12.929829539546636, 77.67466517023301 12.929771080387697, 77.67458099673682 12.929720628735652, 77.67449228343236 12.929678670467489, 77.67439988467724 12.929645609664268, 77.674304690322 12.929621764719597, 77.67420761714033 12.929607365273327, 77.6741096 12.92960255, 77.67401158285966 12.929607365273327, 77.67391450967799 12.929621764719597, 77.67381931532275 12.929645609664268, 77.67372691656763 12.929678670467489, 77.67363820326317 12.929720628735652, 77.67355402976698 12.929771080387697, 77.67347520671584 12.929829539546636, 77.6734024932188 12.929895443218813, 77.67333658954664 12.929968156715836, 77.67327813038769 12.93004697976698, 77.67322767873564 12.930131153263174, 77.67318572046749 12.930219866567635, 77.67315265966427 12.930312265322746, 77.67312881471959 12.930407459677983, 77.67311441527332 12.93050453285967, 77.67310959999999 12.93060255, 77.67311441527332 12.93070056714033, 77.67312881471959 12.930797640322016, 77.67315265966427 12.930892834677254, 77.67318572046749 12.930985233432365, 77.67322767873564 12.931073946736825, 77.67327813038769 12.93115812023302, 77.67333658954664 12.931236943284164, 77.6734024932188 12.931309656781186, 77.67347520671584 12.931375560453363, 77.67355402976698 12.931434019612302, 77.67363820326317 12.931484471264348, 77.67372691656763 12.93152642953251, 77.67381931532275 12.931559490335731, 77.67391450967799 12.931583335280402, 77.67401158285966 12.931597734726672, 77.6741096 12.93160255, 77.67420761714033 12.931597734726672, 77.674304690322 12.931583335280402, 77.67439988467724 12.931559490335731, 77.67449228343236 12.93152642953251, 77.67458099673682 12.931484471264348, 77.67466517023301 12.931434019612302, 77.67474399328415 12.931375560453363, 77.67481670678119 12.931309656781186, 77.67488261045335 12.931236943284164, 77.6749410696123 12.93115812023302, 77.67499152126435 12.931073946736825, 77.6750334795325 12.930985233432365, 77.67506654033572 12.930892834677254, 77.6750903852804 12.930797640322016, 77.67510478472667 12.93070056714033, 77.6751096 12.93060255))",530103,Banglore,Z430,Temple Road,residential,20,12.93060255,77.6741096
"POLYGON ((77.6194974 12.97174, 77.6181719 12.99979745, 77.58298375 12.98437825, 77.57836425 12.98052985, 77.57020725 12.96873225, 77.59641665 12.96498405, 77.59714615 12.964979, 77.59941145 12.9651498, 77.6194974 12.97174))",560001,Banglore,-,Unnamed Zone,unclassified,25,12.96826315,77.588818
"POLYGON ((77.57695725 12.96434735, 77.5690589 12.9619049, 77.570234 12.96072495, 77.57695725 12.96434735))",560002,Banglore,Z336,Seethapathy Agrahara,residential,20,12.96072495,77.570234
"POLYGON ((77.5704632 13.0114077, 77.5620757 13.004237, 77.5745466 12.99893145, 77.58183555 12.9983873, 77.58228315 12.99881935, 77.5704632 13.0114077))",560003,Banglore,Z136,Sheshadripuram Main Road,tertiary,60,12.99881935,77.58228315
"POLYGON ((77.5678237 12.9449729, 77.57656495 12.9397321, 77.5851634 12.9439516, 77.56785875 12.94603525, 77.5678237 12.9449729))",560004,Banglore,Z114,Old Veterinary Hospital Road,tertiary,30,12.9397321,77.57656495
"POLYGON ((77.60658395 12.9954417, 77.6097172 12.9927979, 77.61796085 12.99436535, 77.6181336 12.9944449, 77.6284927 12.9995998, 77.6186903 12.99969425, 77.61301655 12.998919, 77.60658395 12.9954417))",560005,Banglore,Z112,Saunders Road,tertiary,40,12.9927979,77.6097172
"POLYGON ((77.58382255 13.01569995, 77.59369885 13.01254265, 77.584416 13.02297745, 77.58426015 13.0231323, 77.5840732 13.02331245, 77.58104235 13.0256069, 77.5799453 13.0261556, 77.5795824 13.02631635, 77.5789884 13.0265644, 77.57582035 13.02753645, 77.5752128 13.0276574, 77.57456595 13.02732605, 77.57417425 13.0270327, 77.57708335 13.02092775, 77.58382255 13.01569995))",560006,Banglore,Z174,4th Cross Road,residential,20,13.02732605,77.57456595
"POLYGON ((77.62056085 12.96672695, 77.6195763 12.97229295, 77.61958795 12.97188715, 77.6203213 12.96712045, 77.6204644 12.9668526, 77.62056085 12.96672695))",560007,Banglore,Z270,Trinity Church Road,secondary,30,12.96672695,77.62056085
"POLYGON ((77.64990743492575 12.960402550904726, 77.64996672115572 12.960324348030158, 77.65001805668417 12.960240710657082, 77.65006094712187 12.960152444259123, 77.6500949794105 12.960060398889944, 77.65011982580046 12.959965460996766, 77.65013524700748 12.9598685448834, 77.65014109451688 12.959770583905, 77.65013731201397 12.959672521479336, 77.6501239359263 12.959575302001172, 77.65010109507291 12.959479861747232, 77.65006900942372 12.959387119859331, 77.65002798798106 12.95929796949255, 77.64997842580384 12.959213269213654, 77.64992080020292 12.959133834732633, 77.64985566614436 12.959060431046959, 77.64978365090474 12.958993765074254, 77.64970544803016 12.958934478844277, 77.64962181065708 12.958883143315834, 77.64953354425913 12.958840252878126, 77.64944149888994 12.958806220589512, 77.64934656099678 12.958781374199539, 77.64924964488341 12.958765952992522, 77.649151683905 12.958760105483117, 77.64905362147934 12.958763887986033, 77.64895640200118 12.958777264073703, 77.64886096174723 12.958800104927086, 77.64876821985933 12.958832190576283, 77.64867906949256 12.958873212018949, 77.64859436921365 12.958922774196168, 77.64851493473263 12.958980399797078, 77.64844153104697 12.959045533855644, 77.64837486507426 12.959117549095273, 77.64096646507426 12.967953249095274, 77.64090717884429 12.968031451969843, 77.64085584331583 12.968115089342918, 77.64081295287814 12.968203355740878, 77.64077892058951 12.968295401110057, 77.64075407419955 12.968390339003234, 77.64073865299252 12.9684872551166, 77.64073280548313 12.968585216095, 77.64073658798604 12.968683278520665, 77.6407499640737 12.968780497998829, 77.6407728049271 12.968875938252769, 77.64080489057629 12.96896868014067, 77.64084591201895 12.96905783050745, 77.64089547419617 12.969142530786346, 77.64095309979709 12.969221965267367, 77.64101823385565 12.969295368953041, 77.64109024909527 12.969362034925746, 77.64116845196985 12.969421321155723, 77.64125208934293 12.969472656684166, 77.64134035574088 12.969515547121874, 77.64143240111007 12.969549579410488, 77.64152733900323 12.969574425800461, 77.6416242551166 12.969589847007478, 77.641722216095 12.969595694516883, 77.64182027852067 12.969591912013968, 77.64191749799883 12.969578535926297, 77.64201293825278 12.969555695072915, 77.64210568014067 12.969523609423717, 77.64219483050745 12.969482587981052, 77.64227953078635 12.969433025803832, 77.64235896526738 12.969375400202923, 77.64243236895304 12.969310266144356, 77.64249903492575 12.969238250904727, 77.64990743492575 12.960402550904726))",560008,Banglore,Z404,13th Main Road,tertiary,25,12.96859575,77.64173275
"POLYGON ((77.57406407397073 12.97962895250014, 77.57396620937092 12.979621667806692, 77.57386810199108 12.979624010599247, 77.57377069665893 12.979635958315432, 77.57367493144103 12.97965739589221, 77.57358172860881 12.979688116873996, 77.57349198575649 12.979727825400944, 77.57340656715678 12.979776139058231, 77.57332629543751 12.979832592558925, 77.57325194365922 12.979896642224956, 77.57318422787014 12.979967671223028, 77.57312380021038 12.980044995505057, 77.57307124263133 12.98012787039594, 77.57302706129119 12.980215497765174, 77.57299168168042 12.980307033713292, 77.57296544452402 12.980401596699071, 77.57294860250015 12.98049827602927, 77.5729413178067 12.980596140629086, 77.57294366059925 12.980694248008923, 77.57295560831544 12.980791653341084, 77.57297704589222 12.980887418558975, 77.573007766874 12.980980621391193, 77.57304747540095 12.981070364243518, 77.57309578905823 12.98115578284322, 77.57315224255893 12.981236054562492, 77.57321629222496 12.981310406340796, 77.57328732122303 12.981378122129861, 77.57336464550507 12.981438549789623, 77.57344752039594 12.981491107368683, 77.57353514776518 12.981535288708823, 77.5736266837133 12.98157066831959, 77.57372124669908 12.981596905475989, 77.57381792602928 12.98161374749986, 77.57428197602927 12.98167129749986, 77.57437984062908 12.981678582193307, 77.57447794800892 12.981676239400752, 77.57457535334107 12.981664291684567, 77.57467111855897 12.98164285410779, 77.57476432139119 12.981612133126003, 77.57485406424351 12.981572424599054, 77.57493948284322 12.981524110941768, 77.57501975456249 12.981467657441074, 77.57509410634079 12.981403607775043, 77.57516182212986 12.981332578776971, 77.57522224978962 12.981255254494942, 77.57527480736867 12.98117237960406, 77.57531898870882 12.981084752234825, 77.57535436831958 12.980993216286707, 77.57538060547598 12.980898653300928, 77.57539744749985 12.98080197397073, 77.5754047321933 12.980704109370913, 77.57540238940075 12.980606001991076, 77.57539044168456 12.980508596658915, 77.57536900410778 12.980412831441024, 77.575338283126 12.980319628608806, 77.57529857459905 12.980229885756481, 77.57525026094177 12.980144467156778, 77.57519380744107 12.980064195437507, 77.57512975777504 12.979989843659203, 77.57505872877697 12.979922127870138, 77.57498140449493 12.979861700210376, 77.57489852960406 12.979809142631316, 77.57481090223482 12.979764961291176, 77.5747193662867 12.97972958168041, 77.57462480330092 12.97970334452401, 77.57452812397072 12.979686502500138, 77.57406407397073 12.97962895250014))",560009,Banglore,Z140,Ananda Rao Flyover,primary,40,12.9806789,77.57440505
"POLYGON ((77.5458132 12.9774566, 77.55717475 12.9852287, 77.55783015 12.9874884, 77.5580397 12.98831745, 77.555455 12.9911923, 77.55465475 12.9915455, 77.5490488 12.9843573, 77.5458132 12.9774566))",560010,Banglore,Z198,6th Main Road,residential,20,12.9874884,77.55783015
"POLYGON ((77.55585125 13.015802, 77.5675463 13.01300615, 77.56900175 13.01345975, 77.57284455 13.0146629, 77.5737471 13.02747385, 77.5712302 13.02830925, 77.5566657 13.01681835, 77.55585125 13.015802))",560012,Banglore,Z170,New BEL Road,secondary,50,13.02233975,77.57225925
"POLYGON ((77.54301795 13.03936735, 77.5613026 13.043674, 77.56213665 13.0441492, 77.56252045 13.04442705, 77.56296835 13.04489125, 77.5547877 13.0441491, 77.54681505 13.0415513, 77.5462045 13.0412833, 77.5432254 13.039544, 77.54301795 13.03936735))",560013,Banglore,Z416,Kuvempu Underpass,trunk,60,13.043674,77.5613026
"POLYGON ((77.5297322 13.070792, 77.5046941 13.0647189, 77.5067764 13.0611733, 77.5104009 13.0623846, 77.5297322 13.070792))",560015,Banglore,Z203,Lakshmipura Road,tertiary,40,13.070792,77.5297322
"POLYGON ((77.6646468 12.9951643, 77.6891818 12.9882278, 77.6880027 12.99033475, 77.6619948 13.0337939, 77.6616395 13.0338882, 77.6612939 13.0339795, 77.66100495 13.0338229, 77.6603019 13.03307415, 77.6636089 12.9973325, 77.6646468 12.9951643))",560016,Banglore,-,Unnamed Zone,trunk_link,40,12.99544575,77.66474305
"POLYGON ((77.65342885 12.95274835, 77.6676747 12.9581516, 77.66666265 12.95833885, 77.6659828 12.9583935, 77.65342885 12.95274835))",560017,Banglore,Z134,3rd Cross Road,residential,20,12.95274835,77.65342885
"POLYGON ((77.5574898 12.96068335, 77.5674659 12.95518145, 77.57260455 12.95734205, 77.5712886 12.9599164, 77.57014435 12.9603373, 77.5574898 12.96068335))",560018,Banglore,-,Unnamed Zone,residential,20,12.9592846,77.5694621
"POLYGON ((77.55757595 12.94448925, 77.56284565 12.93769605, 77.56782445 12.94363185, 77.567706 12.94440845, 77.5667999 12.9452498, 77.5657341 12.94601855, 77.5576638 12.94458555, 77.55757595 12.94448925))",560019,Banglore,Z110,Hanumantha Nagar Main Road / 50 Feet Road,secondary,30,12.94180135,77.56488225
"POLYGON ((77.58164705 12.99646745, 77.58164223472667 12.996369432859671, 77.5816278352804 12.996272359677985, 77.58160399033572 12.996177165322747, 77.5815709295325 12.996084766567636, 77.58152897126435 12.995996053263175, 77.5814785196123 12.99591187976698, 77.58142006045335 12.995833056715837, 77.58135415678119 12.995760343218814, 77.58128144328415 12.995694439546638, 77.58120262023301 12.995635980387698, 77.58111844673682 12.995585528735653, 77.58102973343236 12.99554357046749, 77.58093733467724 12.99551050966427, 77.580842140322 12.995486664719598, 77.58074506714033 12.995472265273328, 77.58064705 12.995467450000001, 77.58054903285966 12.995472265273328, 77.58045195967799 12.995486664719598, 77.58035676532275 12.99551050966427, 77.58026436656763 12.99554357046749, 77.58017565326317 12.995585528735653, 77.58009147976698 12.995635980387698, 77.58001265671584 12.995694439546638, 77.5799399432188 12.995760343218814, 77.57987403954664 12.995833056715837, 77.57981558038769 12.99591187976698, 77.57976512873564 12.995996053263175, 77.57972317046749 12.996084766567636, 77.57969010966427 12.996177165322747, 77.57966626471959 12.996272359677985, 77.57965186527332 12.996369432859671, 77.57964704999999 12.99646745, 77.57965186527332 12.99656546714033, 77.57966626471959 12.996662540322017, 77.57969010966427 12.996757734677255, 77.57972317046749 12.996850133432366, 77.57976512873564 12.996938846736827, 77.57981558038769 12.997023020233021, 77.57987403954664 12.997101843284165, 77.5799399432188 12.997174556781188, 77.58001265671584 12.997240460453364, 77.58009147976698 12.997298919612303, 77.58017565326317 12.997349371264349, 77.58026436656763 12.997391329532512, 77.58035676532275 12.997424390335732, 77.58045195967799 12.997448235280403, 77.58054903285966 12.997462634726674, 77.58064705 12.99746745, 77.58074506714033 12.997462634726674, 77.580842140322 12.997448235280403, 77.58093733467724 12.997424390335732, 77.58102973343236 12.997391329532512, 77.58111844673682 12.997349371264349, 77.58120262023301 12.997298919612303, 77.58128144328415 12.997240460453364, 77.58135415678119 12.997174556781188, 77.58142006045335 12.997101843284165, 77.5814785196123 12.997023020233021, 77.58152897126435 12.996938846736827, 77.5815709295325 12.996850133432366, 77.58160399033572 12.996757734677255, 77.5816278352804 12.996662540322017, 77.58164223472667 12.99656546714033, 77.58164705 12.99646745))",560020,Banglore,-,Unnamed Zone,residential,20,12.99646745,77.58064705
"POLYGON ((77.56704780000001 12.98471055, 77.56704298472668 12.984612532859671, 77.56702858528041 12.984515459677985, 77.56700474033573 12.984420265322747, 77.56697167953251 12.984327866567636, 77.56692972126436 12.984239153263175, 77.56687926961231 12.98415497976698, 77.56682081045336 12.984076156715837, 77.5667549067812 12.984003443218814, 77.56668219328417 12.983937539546638, 77.56660337023303 12.983879080387698, 77.56651919673683 12.983828628735653, 77.56643048343237 12.98378667046749, 77.56633808467726 12.98375360966427, 77.56624289032202 12.983729764719598, 77.56614581714034 12.983715365273328, 77.5660478 12.983710550000001, 77.56594978285968 12.983715365273328, 77.565852709678 12.983729764719598, 77.56575751532276 12.98375360966427, 77.56566511656764 12.98378667046749, 77.56557640326318 12.983828628735653, 77.56549222976699 12.983879080387698, 77.56541340671585 12.983937539546638, 77.56534069321881 12.984003443218814, 77.56527478954665 12.984076156715837, 77.5652163303877 12.98415497976698, 77.56516587873566 12.984239153263175, 77.5651239204675 12.984327866567636, 77.56509085966428 12.984420265322747, 77.5650670147196 12.984515459677985, 77.56505261527333 12.984612532859671, 77.5650478 12.98471055, 77.56505261527333 12.98480856714033, 77.5650670147196 12.984905640322017, 77.56509085966428 12.985000834677255, 77.5651239204675 12.985093233432366, 77.56516587873566 12.985181946736827, 77.5652163303877 12.985266120233021, 77.56527478954665 12.985344943284165, 77.56534069321881 12.985417656781188, 77.56541340671585 12.985483560453364, 77.56549222976699 12.985542019612303, 77.56557640326318 12.985592471264349, 77.56566511656764 12.985634429532512, 77.56575751532276 12.985667490335732, 77.565852709678 12.985691335280404, 77.56594978285968 12.985705734726674, 77.5660478 12.98571055, 77.56614581714034 12.985705734726674, 77.56624289032202 12.985691335280404, 77.56633808467726 12.985667490335732, 77.56643048343237 12.985634429532512, 77.56651919673683 12.985592471264349, 77.56660337023303 12.985542019612303, 77.56668219328417 12.985483560453364, 77.5667549067812 12.985417656781188, 77.56682081045336 12.985344943284165, 77.56687926961231 12.985266120233021, 77.56692972126436 12.985181946736827, 77.56697167953251 12.985093233432366, 77.56700474033573 12.985000834677255, 77.56702858528041 12.984905640322017, 77.56704298472668 12.98480856714033, 77.56704780000001 12.98471055))",560021,Banglore,Z134,3rd Cross Road,residential,30,12.98471055,77.5660478
"POLYGON ((77.55839175 13.0249209, 77.5425675 13.03898385, 77.54237605 13.0388246, 77.5342647 13.03200825, 77.52875115 13.0210132, 77.5545607 13.01550005, 77.5555751 13.0156283, 77.5556755 13.01568885, 77.5593093 13.01790545, 77.5584409 13.0247528, 77.55839175 13.0249209))",560022,Banglore,Z222,Tumkur Road,trunk,60,13.02893335,77.54012785
"POLYGON ((77.5484975 12.97485235, 77.57038905 12.97472835, 77.56967845 12.98232345, 77.569024 12.9824569, 77.56884185 12.9824913, 77.5681837 12.9824097, 77.56599255 12.98183145, 77.5484975 12.97485235))",560023,Banglore,Z340,Old Mysuru Road,primary_link,40,12.97994955,77.56427615
"POLYGON ((77.6186347 13.0541765, 77.59348485 13.05523165, 77.5797126 13.0490645, 77.5784367 13.04769175, 77.58240255 13.02480645, 77.58447565 13.0229999, 77.6130888 13.04239235, 77.6186347 13.0541765))",560024,Banglore,Z101,Outer Ring Road,trunk_link,60,13.04286065,77.5915781
"POLYGON ((77.59493815 12.96243035, 77.6060303 12.9584127, 77.6194839 12.97217585, 77.619706 12.972583, 77.6082261 12.97501315, 77.601256 12.97276125, 77.59509665 12.9666229, 77.59493815 12.96243035))",560025,Banglore,Z102,Langford Road,tertiary,30,12.9623709,77.5951387
"POLYGON ((77.5577793 12.96088705, 77.5436826 12.96422945, 77.53644115 12.9536313, 77.5300509 12.94402945, 77.5328009 12.939531, 77.5577793 12.96088705))",560026,Banglore,Z107,Mysore Road,trunk,40,12.95912855,77.55559765
"POLYGON ((77.5967101 12.94525, 77.60542815 12.95096875, 77.60525975 12.9527424, 77.6051964 12.95309595, 77.60162665 12.96011085, 77.5968146 12.9647909, 77.5925363 12.9623411, 77.5930606 12.94852625, 77.5958062 12.9458338, 77.5967101 12.94525))",560027,Banglore,Z144,Mission Road,primary,20,12.96252625,77.59491275
"POLYGON ((77.59727395 12.9430804, 77.60008995 12.91673525, 77.61544315 12.9288932, 77.61194555 12.93502575, 77.59727395 12.9430804))",560029,Banglore,Z106,Dairy Circle Flyover,primary,50,12.93721265,77.60071265
"POLYGON ((77.6057289 12.9501546, 77.6063381 12.94631465, 77.6079472 12.94275265, 77.6076952 12.94386465, 77.6074446 12.9448022, 77.60594295 12.9497953, 77.60588135 12.94998895, 77.6057289 12.9501546))",560030,Banglore,Z168,Hosur Road,primary,60,12.94999215,77.6057813
"POLYGON ((77.584555 13.0227005, 77.5914379 13.01624815, 77.6024819 13.02234495, 77.6026154 13.022575, 77.60408755 13.0267101, 77.60213075 13.0380103, 77.6018556 13.0381117, 77.58593665 13.026952, 77.5853241 13.02596095, 77.5850892 13.0253856, 77.58457835 13.02289525, 77.584555 13.0227005))",560032,Banglore,Z147,RT Nagar Main Road,construction,40,13.01624815,77.5914379
"POLYGON ((77.65247025 12.99573955, 77.6572482 12.9975878, 77.6353194 13.0031928, 77.62973315 13.00424605, 77.62867965 13.00351125, 77.62949395 13.00314625, 77.63024065 13.0028808, 77.65247025 12.99573955))",560033,Banglore,Z162,8th Main Road,residential,50,12.99573955,77.65247025
"POLYGON ((77.62464525 12.93462035, 77.6149907 12.9298107, 77.6151101 12.9294558, 77.62094865 12.9198432, 77.6211671 12.9195294, 77.62271235 12.9173379, 77.6871288 12.9096515, 77.6505475 12.924477, 77.62464525 12.93462035))",560034,Banglore,Z101,Outer Ring Road,trunk,40,12.9173379,77.62271235
"POLYGON ((77.68411395 12.91917335, 77.6781324 12.91354285, 77.68022255 12.9040457, 77.6871569 12.90312075, 77.70573265 12.90260115, 77.68411395 12.91917335))",560035,Banglore,Z184,2nd Main Road,residential,15,12.9080915,77.6867513
"POLYGON ((77.67937735 13.0004192, 77.6840175 12.9959893, 77.7036544 13.0052438, 77.70950675 13.0097804, 77.70387235 13.01034825, 77.70375305 13.0103462, 77.69294925 13.00826175, 77.67937735 13.0004192))",560036,Banglore,Z158,Basavanapura Main Road,tertiary,30,13.0103462,77.70375305
"POLYGON ((77.6730359 12.94769755, 77.68230065 12.92160475, 77.71575075 12.9489916, 77.72833875 12.9627559, 77.7278748 12.9645452, 77.7259379 12.9708041, 77.6920677 12.9835464, 77.67987135 12.9669898, 77.6730359 12.94769755))",560037,Banglore,Z129,Namjoshi Road,secondary,40,12.9546325,77.6799487
"POLYGON ((77.63456549153443 12.981601067393035, 77.63457249947854 12.981503182586373, 77.63456987928865 12.981405082223171, 77.63455765619862 12.98130771106355, 77.6345359479235 12.981212006845007, 77.63450496352583 12.981118891251485, 77.63446500140232 12.98102926103705, 77.63441644641004 12.980943979389664, 77.63435976616013 12.980863867618213, 77.63429550651436 12.980789697242846, 77.63422428632826 12.980722182564827, 77.63414679149116 12.980661973787411, 77.6340637683207 12.980609650754038, 77.63397601637539 12.980565717364122, 77.63388438075442 12.980530596720225, 77.63378974395896 12.980504627053348, 77.63369301739303 12.980488058465575, 77.63359513258638 12.980481050521467, 77.63349703222318 12.980483670711356, 77.63339966106355 12.98049589380138, 77.63330395684501 12.980517602076503, 77.63321084125148 12.980548586474166, 77.63312121103705 12.980588548597682, 77.63303592938966 12.980637103589958, 77.63295581761821 12.980693783839872, 77.63288164724284 12.980758043485636, 77.63281413256483 12.980829263671732, 77.6327539237874 12.980906758508835, 77.63270160075403 12.980989781679302, 77.63265766736413 12.981077533624614, 77.63262254672023 12.98116916924557, 77.63259657705335 12.981263806041046, 77.63258000846557 12.981360532606965, 77.63254070846557 12.981684932606965, 77.63253370052146 12.981782817413627, 77.63253632071135 12.981880917776829, 77.63254854380138 12.98197828893645, 77.6325702520765 12.982073993154993, 77.63260123647417 12.982167108748515, 77.63264119859768 12.98225673896295, 77.63268975358996 12.982342020610336, 77.63274643383987 12.982422132381787, 77.63281069348564 12.982496302757154, 77.63288191367174 12.982563817435173, 77.63295940850884 12.982624026212589, 77.6330424316793 12.982676349245962, 77.63313018362462 12.982720282635878, 77.63322181924558 12.982755403279775, 77.63331645604104 12.982781372946652, 77.63341318260697 12.982797941534425, 77.63351106741362 12.982804949478533, 77.63360916777683 12.982802329288644, 77.63370653893645 12.98279010619862, 77.63380224315499 12.982768397923497, 77.63389535874852 12.982737413525834, 77.63398498896295 12.982697451402318, 77.63407027061034 12.982648896410042, 77.63415038238179 12.982592216160128, 77.63422455275716 12.982527956514364, 77.63429206743517 12.982456736328269, 77.6343522762126 12.982379241491165, 77.63440459924597 12.982296218320698, 77.63444853263587 12.982208466375386, 77.63448365327977 12.98211683075443, 77.63450962294665 12.982022193958954, 77.63452619153443 12.981925467393035, 77.63456549153443 12.981601067393035))",560038,Banglore,Z419,Opposite The Bull Ring,residential,20,12.9818052,77.63353345
"POLYGON ((77.5184991 12.936342, 77.5317702 12.92807825, 77.53187605 12.9281037, 77.5325476 12.9396682, 77.5300844 12.9439261, 77.5284859 12.94514085, 77.5237187 12.9480857, 77.5184991 12.936342))",560039,Banglore,Z216,Bangalore-Mysore Road,trunk,60,12.9449618,77.5279293
"POLYGON ((77.54876130995281 12.97601471424075, 77.54883068797918 12.97594530792899, 77.5488929289232 12.975869435591845, 77.54894743337053 12.975787827921398, 77.54899367641357 12.975701270844127, 77.54903121270654 12.975610597952, 77.5490596807544 12.97551668247454, 77.54907880639429 12.97542042886913, 77.54908840543585 12.975322764110611, 77.54908838543507 12.975224628763995, 77.54907874658454 12.975126967926315, 77.54905958171169 12.975030722124826, 77.54903107538472 12.97493681825921, 77.54899350213512 12.974846160675025, 77.54894722381383 12.974759622454366, 77.5488926861064 12.974678037007603, 77.54883041424074 12.974602190047191, 77.54876100792899 12.974532812020817, 77.54868513559184 12.974470571076802, 77.5486035279214 12.974416066629463, 77.54851697084412 12.97436982358642, 77.548426297952 12.974332287293459, 77.54833238247454 12.9743038192456, 77.54823612886914 12.974284693605705, 77.54813846411061 12.974275094564144, 77.54804032876399 12.974275114564932, 77.5479426679263 12.974284753415452, 77.54784642212482 12.974303918288303, 77.5477525182592 12.974332424615284, 77.54766186067502 12.974369997864882, 77.54757532245436 12.974416276186163, 77.5474937370076 12.9744708138936, 77.54741789004719 12.97453308575925, 77.54495974004719 12.97676193575925, 77.54489036202082 12.976831342071009, 77.5448281210768 12.976907214408154, 77.54477361662947 12.976988822078601, 77.54472737358643 12.977075379155872, 77.54468983729346 12.977166052047998, 77.5446613692456 12.977259967525459, 77.54464224360571 12.977356221130869, 77.54463264456415 12.977453885889387, 77.54463266456493 12.977552021236004, 77.54464230341546 12.977649682073684, 77.54466146828831 12.977745927875173, 77.54468997461528 12.97783983174079, 77.54472754786488 12.977930489324974, 77.54477382618617 12.978017027545633, 77.5448283638936 12.978098612992396, 77.54489063575926 12.978174459952807, 77.54496004207101 12.978243837979182, 77.54503591440816 12.978306078923197, 77.5451175220786 12.978360583370536, 77.54520407915588 12.978406826413579, 77.545294752048 12.97844436270654, 77.54538866752546 12.978472830754399, 77.54548492113086 12.978491956394294, 77.54558258588939 12.978501555435855, 77.54568072123601 12.978501535435067, 77.54577838207369 12.978491896584547, 77.54587462787518 12.978472731711696, 77.5459685317408 12.978444225384715, 77.54605918932498 12.978406652135117, 77.54614572754564 12.978360373813835, 77.5462273129924 12.978305836106399, 77.54630315995281 12.97824356424075, 77.54876130995281 12.97601471424075))",560040,Banglore,Z327,Magadi Road,primary,50,12.97750275,77.54563145
"POLYGON ((77.58849200234349 12.916129060463296, 77.58839414981354 12.91613650553141, 77.58829749821456 12.916153505974647, 77.58820297835427 12.91617989806944, 77.58811150051062 12.916215427645495, 77.58802394566521 12.91625975253357, 77.5879411570191 12.91631244586076, 77.58786393187219 12.91637300016152, 77.58779301394488 12.916440832264835, 77.58772908621555 12.916515288910464, 77.5876727643432 12.91659565304021, 77.58762459073823 12.916681150703573, 77.58758502933881 12.916770958511314, 77.58755446114283 12.916864211565153, 77.58753318053874 12.916960011787205, 77.58752139247038 12.91705743656896, 77.5875192104633 12.917155547656513, 77.5875266555314 12.917253400186457, 77.58754365597464 12.917350051785435, 77.58757004806944 12.917444571645719, 77.58760557764549 12.917536049489382, 77.58764990253357 12.91762360433478, 77.58770259586076 12.917706392980893, 77.58776315016152 12.917783618127801, 77.58783098226483 12.917854536055124, 77.58790543891047 12.917918463784453, 77.58798580304021 12.91797478565681, 77.58807130070358 12.918022959261773, 77.58816110851131 12.918062520661193, 77.58825436156515 12.91809308885717, 77.5883501617872 12.91811436946126, 77.58844758656896 12.91812615752962, 77.58854569765651 12.918128339536702, 77.59998949765651 12.917820989536702, 77.60008735018646 12.917813544468588, 77.60018400178544 12.917796544025352, 77.60027852164572 12.917770151930558, 77.60036999948937 12.917734622354503, 77.60045755433478 12.917690297466429, 77.60054034298089 12.91763760413924, 77.6006175681278 12.917577049838478, 77.60068848605512 12.917509217735164, 77.60075241378445 12.917434761089535, 77.6008087356568 12.917354396959789, 77.60085690926176 12.917268899296426, 77.60089647066118 12.917179091488684, 77.60092703885717 12.917085838434845, 77.60094831946125 12.916990038212793, 77.60096010752962 12.916892613431038, 77.6009622895367 12.916794502343485, 77.60095484446859 12.916696649813542, 77.60093784402535 12.916599998214563, 77.60091145193056 12.91650547835428, 77.6008759223545 12.916414000510617, 77.60083159746642 12.916326445665218, 77.60077890413923 12.916243657019105, 77.60071834983847 12.916166431872197, 77.60065051773516 12.916095513944875, 77.60057606108953 12.916031586215546, 77.60049569695978 12.915975264343189, 77.60041019929642 12.915927090738226, 77.60032039148868 12.915887529338805, 77.60022713843485 12.915856961142829, 77.60013133821279 12.915835680538738, 77.60003391343103 12.915823892470378, 77.59993580234348 12.915821710463296, 77.58849200234349 12.916129060463296))",560041,Banglore,Z101,Outer Ring Road,trunk,60,12.91682135,77.59996265
"POLYGON ((77.61979215 12.9725887, 77.6107054 12.98303345, 77.6139817 12.97374425, 77.6196029 12.97237105, 77.61979215 12.9725887))",560042,Banglore,Z165,Mahatma Gandhi Road,primary,50,12.97374425,77.6139817
"POLYGON ((77.57039875 12.9738019, 77.66473775 12.9964794, 77.66221295 13.0149805, 77.66195955 13.01601265, 77.66129035 13.01670745, 77.6260263 13.0380455, 77.57039875 12.9738019))",560043,Banglore,Z132,Indian Oil Flyover,primary,40,13.0038376,77.6361009
"POLYGON ((77.6164558 13.04117465, 77.6232583 13.0212933, 77.6297552 13.0566585, 77.62236445 13.0614371, 77.62169525 13.06023425, 77.61929115 13.05416255, 77.6164558 13.04117465))",560045,Banglore,Z161,Vinayaka Temple Road,tertiary,30,13.0212933,77.6232583
"POLYGON ((77.6142482 12.9684224, 77.61084675 12.96706685, 77.6111409 12.9671236, 77.6142482 12.9684224))",560047,Banglore,Z115,Richmond Road,primary,40,12.9684224,77.6142482
"POLYGON ((77.6867884 12.99225435, 77.6978592 12.9744918, 77.7188988 12.97729495, 77.7337287 12.98784785, 77.714021 12.9930208, 77.6867884 12.99225435))",560048,Banglore,Z101,Outer Ring Road,trunk,40,12.9914388,77.687403
"POLYGON ((77.7217715 13.0055376, 77.69667735 13.0270032, 77.69986225 13.0218629, 77.7213117 13.00443855, 77.7217715 13.0055376))",560049,Banglore,Z321,Sacred Heart Road,residential,30,13.0218629,77.69986225
"POLYGON ((77.55484865 12.94420045, 77.547798 12.93906745, 77.55278245 12.936519, 77.56087265 12.9353873, 77.56228705 12.93681115, 77.56267315 12.93737745, 77.56278075 12.93757215, 77.56326025 12.9384808, 77.5568497 12.94444015, 77.5564626 12.94445785, 77.55484865 12.94420045))",560050,Banglore,Z109,Mount Joy Road,secondary,40,12.9355493,77.5610085
"POLYGON ((77.60391928322832 12.991352351422092, 77.60391791891227 12.99145047728666, 77.60392617918241 12.991548264374728, 77.60394398448783 12.991644770943182, 77.60397116335369 12.991739067581012, 77.60400745403267 12.991830246160045, 77.60405250702568 12.991917428580727, 77.60410588844779 12.991999775228685, 77.60416708420671 12.992076493060683, 77.60423550495382 12.992146843242061, 77.60431049175993 12.992210148262117, 77.60439132246111 12.9922657984589, 77.60447721861352 12.992313257890595, 77.60456735299026 12.99235206949693, 77.604660857548 12.992381859500917, 77.60475683178673 12.992402341008537, 77.60485435142209 12.992413316771673, 77.60495247728666 12.992414681087725, 77.60505026437473 12.992406420817586, 77.60514677094318 12.992388615512173, 77.605241067581 12.992361436646307, 77.60533224616005 12.992325145967328, 77.60541942858072 12.99228009297431, 77.60550177522867 12.992226711552206, 77.60557849306068 12.992165515793292, 77.60564884324207 12.992097095046178, 77.60571214826211 12.992022108240064, 77.6057677984589 12.991941277538881, 77.6058152578906 12.991855381386472, 77.60585406949693 12.991765247009736, 77.60588385950092 12.991671742451997, 77.60590434100854 12.99157576821326, 77.60591531677167 12.991478248577907, 77.60739961677167 12.967945448577908, 77.60740098108772 12.96784732271334, 77.60739272081759 12.967749535625272, 77.60737491551217 12.967653029056818, 77.6073477366463 12.967558732418988, 77.60731144596733 12.967467553839954, 77.60726639297431 12.967380371419273, 77.6072130115522 12.967298024771315, 77.60715181579329 12.967221306939317, 77.60708339504617 12.967150956757939, 77.60700840824006 12.967087651737883, 77.60692757753888 12.9670320015411, 77.60684168138647 12.966984542109405, 77.60675154700974 12.96694573050307, 77.606658042452 12.966915940499083, 77.60656206821326 12.966895458991463, 77.6064645485779 12.966884483228327, 77.60636642271334 12.966883118912275, 77.60626863562527 12.966891379182414, 77.60617212905682 12.966909184487827, 77.60607783241899 12.966936363353692, 77.60598665383995 12.966972654032672, 77.60589947141928 12.96701770702569, 77.60581712477132 12.967071088447794, 77.60574040693932 12.967132284206707, 77.60567005675793 12.967200704953822, 77.60560675173788 12.967275691759935, 77.6055511015411 12.967356522461118, 77.6055036421094 12.967442418613528, 77.60546483050307 12.967532552990264, 77.60543504049907 12.967626057548003, 77.60541455899146 12.96772203178674, 77.60540358322832 12.967819551422092, 77.60391928322832 12.991352351422092))",560051,Banglore,Z202,Wood Street,residential,20,12.9678825,77.6064016
"POLYGON ((77.59831945 12.98700525, 77.59482075 12.98724955, 77.5949255 12.987099, 77.59500675 12.9869823, 77.5971431 12.9844075, 77.59831945 12.98700525))",560052,Banglore,Z204,Cunningham Road,primary,40,12.98458375,77.5970489
"POLYGON ((77.57025795 12.97002665, 77.57812355 12.96698275, 77.5704868 12.97465895, 77.57025795 12.97002665))",560053,Banglore,Z167,Avenue Road,tertiary,20,12.96698275,77.57812355
"POLYGON ((77.54414065 13.0403562, 77.57117635 13.0284795, 77.57079475 13.0296177, 77.56854355 13.03411035, 77.5680022 13.03484905, 77.563731 13.0398298, 77.55300675 13.043571, 77.5456664 13.04115455, 77.54528685 13.04098545, 77.54414065 13.0403562))",560054,Banglore,Z101,Outer Ring Road,trunk,60,13.043571,77.55300675
"POLYGON ((77.5548975 13.0154072, 77.56917935 13.0078741, 77.5691524 13.00858105, 77.5548975 13.0154072))",560055,Banglore,Z240,Margosa Road,primary,50,13.0078741,77.56917935
"POLYGON ((77.50431915 12.96039725, 77.4946317 12.94390075, 77.49973755 12.9518741, 77.50431915 12.96039725))",560056,Banglore,Z388,Kengeri Main Road,primary,40,12.94390075,77.4946317
"POLYGON ((77.5072466 13.04521555, 77.518391 13.03998095, 77.51846125 13.0401169, 77.5184604 13.04013635, 77.5140752 13.04273235, 77.5072466 13.04521555))",560057,Banglore,Z222,Tumkur Road,trunk,60,13.0426446,77.51414455
"POLYGON ((77.50423615 13.0170324, 77.5220099 12.99462765, 77.5237129 12.99824965, 77.5241806 12.9992535, 77.5269449 13.0094452, 77.52707295 13.02142915, 77.52316765 13.03750165, 77.51847985 13.04012225, 77.50423615 13.0170324))",560058,Banglore,Z125,Peenya Inner Ring Road,secondary,40,13.02243745,77.5242526
"POLYGON ((77.50367465 12.9237548, 77.49910055 12.9245083, 77.49128185 12.91886275, 77.4907481 12.91794135, 77.5021686 12.9223497, 77.5032032 12.92315825, 77.50367465 12.9237548))",560059,Banglore,-,Unnamed Zone,service,20,12.92300085,77.5027532
"POLYGON ((77.46995055 12.94631595, 77.46102015 12.89684255, 77.494595 12.8793037, 77.4947812 12.8794531, 77.49541935 12.8817584, 77.4905681 12.91743465, 77.48780015 12.93192915, 77.46995055 12.94631595))",560060,Banglore,Z117,NICE Peripheral Ring Road,motorway,80,12.8986948,77.4729299
"POLYGON ((77.5375963 12.89552955, 77.5570282 12.9124747, 77.55688255 12.9123754, 77.5447372 12.9023717, 77.5375963 12.89552955))",560061,Banglore,-,Unnamed Zone,residential,25,12.9123754,77.55688255
"POLYGON ((77.4930539 12.87695765, 77.51981195 12.8454545, 77.5447897 12.85311445, 77.54483755 12.85330775, 77.54631705 12.87015135, 77.5132254 12.8930064, 77.4981318 12.881745, 77.495782 12.87981275, 77.49395145 12.87807745, 77.4930539 12.87695765))",560062,Banglore,Z117,NICE Peripheral Ring Road,motorway,80,12.85790295,77.52758835
"POLYGON ((77.6104914 13.12140095, 77.61243675 13.1252454, 77.61542795 13.1315217, 77.6137849 13.1283359, 77.6126823 13.1260228, 77.6104914 13.12140095))",560063,Banglore,Z205,Bellary Road,trunk,80,13.1252454,77.61243675
"POLYGON ((77.5664045 13.1121194, 77.57598865 13.0325276, 77.6194359 13.0607237, 77.61009375 13.1203013, 77.5690392 13.1361737, 77.5664045 13.1121194))",560064,Banglore,Z128,Ananthapura - Atturu Road,secondary,60,13.1121194,77.5664045
"POLYGON ((77.5670383 13.0978118, 77.58644785 13.07044, 77.5905624 13.0775899, 77.5937433 13.08579985, 77.5939155 13.0876986, 77.59408835 13.0898836, 77.59410395 13.09008165, 77.5944187 13.09497515, 77.59440725 13.09510575, 77.5941225 13.095276, 77.5670383 13.0978118))",560065,Banglore,Z100,Yelahanka Road,primary,80,13.095276,77.5941225
"POLYGON ((77.71241935 12.9709194, 77.740743 12.95822865, 77.7437677 12.9697352, 77.74337765 12.983946, 77.7387332 12.98754515, 77.7333459 12.9878596, 77.7268088 12.98618915, 77.72018885 12.9826705, 77.71484055 12.97786075, 77.7130322 12.9753015, 77.71241935 12.9709194))",560066,Banglore,Z135,1st Main Road,secondary,60,12.98021205,77.727282
"POLYGON ((77.7576503 12.9941498, 77.74079795 13.0078273, 77.7460161 12.9859862, 77.7492518 12.98478315, 77.75093175 12.984203, 77.7524462 12.98388015, 77.75492235 12.9835083, 77.75739865 12.9848592, 77.7576503 12.9941498))",560067,Banglore,-,Unnamed Zone,primary,60,12.9881187,77.7541718
"POLYGON ((77.61714695 12.92605305, 77.61439265 12.91650855, 77.6211646 12.894448, 77.65331195 12.8698094, 77.6604806 12.8711475, 77.6488032 12.899478, 77.61714695 12.92605305))",560068,Banglore,Z108,4th Main Road,residential,40,12.9087513,77.6319179
"POLYGON ((77.59628140000001 12.9461377, 77.59627658472668 12.94603968285967, 77.59626218528041 12.945942609677983, 77.59623834033573 12.945847415322746, 77.59620527953251 12.945755016567634, 77.59616332126436 12.945666303263174, 77.59611286961231 12.94558212976698, 77.59605441045336 12.945503306715835, 77.5959885067812 12.945430593218813, 77.59591579328416 12.945364689546636, 77.59583697023302 12.945306230387697, 77.59575279673683 12.945255778735651, 77.59566408343237 12.945213820467488, 77.59557168467725 12.945180759664268, 77.59547649032201 12.945156914719597, 77.59537941714034 12.945142515273327, 77.5952814 12.9451377, 77.59518338285967 12.945142515273327, 77.595086309678 12.945156914719597, 77.59499111532276 12.945180759664268, 77.59489871656764 12.945213820467488, 77.59481000326318 12.945255778735651, 77.59472582976699 12.945306230387697, 77.59464700671585 12.945364689546636, 77.59457429321881 12.945430593218813, 77.59450838954665 12.945503306715835, 77.5944499303877 12.94558212976698, 77.59439947873565 12.945666303263174, 77.5943575204675 12.945755016567634, 77.59432445966428 12.945847415322746, 77.5943006147196 12.945942609677983, 77.59428621527333 12.94603968285967, 77.5942814 12.9461377, 77.59428621527333 12.946235717140329, 77.5943006147196 12.946332790322016, 77.59432445966428 12.946427984677253, 77.5943575204675 12.946520383432365, 77.59439947873565 12.946609096736825, 77.5944499303877 12.94669327023302, 77.59450838954665 12.946772093284164, 77.59457429321881 12.946844806781186, 77.59464700671585 12.946910710453363, 77.59472582976699 12.946969169612302, 77.59481000326318 12.947019621264348, 77.59489871656764 12.94706157953251, 77.59499111532276 12.947094640335731, 77.595086309678 12.947118485280402, 77.59518338285967 12.947132884726672, 77.5952814 12.947137699999999, 77.59537941714034 12.947132884726672, 77.59547649032201 12.947118485280402, 77.59557168467725 12.947094640335731, 77.59566408343237 12.94706157953251, 77.59575279673683 12.947019621264348, 77.59583697023302 12.946969169612302, 77.59591579328416 12.946910710453363, 77.5959885067812 12.946844806781186, 77.59605441045336 12.946772093284164, 77.59611286961231 12.94669327023302, 77.59616332126436 12.946609096736825, 77.59620527953251 12.946520383432365, 77.59623834033573 12.946427984677253, 77.59626218528041 12.946332790322016, 77.59627658472668 12.946235717140329, 77.59628140000001 12.9461377))",560069,Banglore,Z299,Dr. M H Marigowda Road,primary,50,12.9461377,77.5952814
"POLYGON ((77.5691604 12.9279886, 77.5626259 12.9334731, 77.5582599 12.922319, 77.55710145 12.91278685, 77.55792895 12.91231495, 77.56724415 12.91233625, 77.5691604 12.9279886))",560070,Banglore,Z278,Sri Kumarans College Road,residential,25,12.91231495,77.55792895
"POLYGON ((77.6400124 12.9580062, 77.64133365 12.9590348, 77.6412464 12.95901365, 77.6400124 12.9580062))",560071,Banglore,Z133,Gangarams Road,residential,20,12.9580062,77.6400124
"POLYGON ((77.50435155 12.9604721, 77.5227822 12.95312205, 77.5152865 12.979018, 77.50435155 12.9604721))",560072,Banglore,Z101,Outer Ring Road,trunk,50,12.96497655,77.51231855
"POLYGON ((77.47615555 13.01582745, 77.4982284 13.04825495, 77.49799445 13.04869745, 77.4891551 13.05183465, 77.4799945 13.04423325, 77.47615555 13.01582745))",560073,Banglore,Z224,Bangalore - Nelamangala Expressway,motorway,80,13.04926855,77.4954897
"POLYGON ((77.44182945 12.87366855, 77.44182463472667 12.87357053285967, 77.4418102352804 12.873473459677983, 77.44178639033572 12.873378265322746, 77.4417533295325 12.873285866567635, 77.44171137126435 12.873197153263174, 77.4416609196123 12.87311297976698, 77.44160246045335 12.873034156715836, 77.44153655678119 12.872961443218813, 77.44146384328415 12.872895539546636, 77.44138502023301 12.872837080387697, 77.44130084673682 12.872786628735652, 77.44121213343236 12.872744670467489, 77.44111973467724 12.872711609664268, 77.441024540322 12.872687764719597, 77.44092746714033 12.872673365273327, 77.44082945 12.87266855, 77.44073143285966 12.872673365273327, 77.44063435967799 12.872687764719597, 77.44053916532275 12.872711609664268, 77.44044676656763 12.872744670467489, 77.44035805326317 12.872786628735652, 77.44027387976698 12.872837080387697, 77.44019505671584 12.872895539546636, 77.4401223432188 12.872961443218813, 77.44005643954664 12.873034156715836, 77.43999798038769 12.87311297976698, 77.43994752873564 12.873197153263174, 77.43990557046749 12.873285866567635, 77.43987250966427 12.873378265322746, 77.43984866471959 12.873473459677983, 77.43983426527332 12.87357053285967, 77.43982944999999 12.87366855, 77.43983426527332 12.87376656714033, 77.43984866471959 12.873863640322016, 77.43987250966427 12.873958834677254, 77.43990557046749 12.874051233432365, 77.43994752873564 12.874139946736825, 77.43999798038769 12.87422412023302, 77.44005643954664 12.874302943284164, 77.4401223432188 12.874375656781186, 77.44019505671584 12.874441560453363, 77.44027387976698 12.874500019612302, 77.44035805326317 12.874550471264348, 77.44044676656763 12.87459242953251, 77.44053916532275 12.874625490335731, 77.44063435967799 12.874649335280402, 77.44073143285966 12.874663734726672, 77.44082945 12.874668549999999, 77.44092746714033 12.874663734726672, 77.441024540322 12.874649335280402, 77.44111973467724 12.874625490335731, 77.44121213343236 12.87459242953251, 77.44130084673682 12.874550471264348, 77.44138502023301 12.874500019612302, 77.44146384328415 12.874441560453363, 77.44153655678119 12.874375656781186, 77.44160246045335 12.874302943284164, 77.4416609196123 12.87422412023302, 77.44171137126435 12.874139946736825, 77.4417533295325 12.874051233432365, 77.44178639033572 12.873958834677254, 77.4418102352804 12.873863640322016, 77.44182463472667 12.87376656714033, 77.44182945 12.87366855))",560074,Banglore,Z523,Bengaluru-Mysuru Expressway,motorway,100,12.87366855,77.44082945
"POLYGON ((77.65179925 12.97414545, 77.656657 12.96230025, 77.6655677 12.9585622, 77.6663012 12.95832855, 77.66631705 12.95840555, 77.65276015 12.9758465, 77.65239665 12.97616825, 77.65209745 12.975531, 77.65179925 12.97414545))",560075,Banglore,-,Unnamed Zone,residential,30,12.97414545,77.65179925
"POLYGON ((77.59592815 12.8941786, 77.5998931 12.85366245, 77.6002585 12.8536765, 77.60594115 12.8541915, 77.60635755 12.8543144, 77.6229946 12.8625499, 77.6258177 12.8744331, 77.6260314 12.8754198, 77.62249295 12.90340405, 77.6167722 12.91614175, 77.61520415 12.9163136, 77.6149858 12.91633345, 77.6146228 12.9163606, 77.60009435 12.9164495, 77.59592815 12.8941786))",560076,Banglore,Z101,Outer Ring Road,construction,50,12.9164495,77.60009435
"POLYGON ((77.64364565 13.0475422, 77.66593525 13.0431178, 77.64880135 13.0602714, 77.64364565 13.0475422))",560077,Banglore,-,Unnamed Zone,service,15,13.0475422,77.64364565
"POLYGON ((77.5667168 12.9129712, 77.5758839 12.89114785, 77.6000472 12.90478755, 77.60066055 12.90540785, 77.60060655 12.9072853, 77.60034415 12.9077925, 77.5902715 12.9164362, 77.58939 12.9166017, 77.5880062 12.9165498, 77.5667168 12.9129712))",560078,Banglore,Z101,Outer Ring Road,trunk,50,12.90621775,77.595386
"POLYGON ((77.5409086 12.99286565, 77.52062085 12.9868264, 77.52779315 12.9726116, 77.53784035 12.98013975, 77.53798675 12.9802584, 77.5409086 12.99286565))",560079,Banglore,Z160,2nd Cross Road,residential,20,12.9726116,77.52779315
"POLYGON ((77.58414315 13.01484125, 77.5727807 13.01461725, 77.57880755 13.00641575, 77.5789021 13.00656025, 77.58414315 13.01484125))",560080,Banglore,Z341,Dr. CV Raman Road,trunk,60,13.0145206,77.58339265
"POLYGON ((77.60599055 12.85403405, 77.57272955 12.85929695, 77.52749635 12.85776325, 77.52664615 12.85703095, 77.523396 12.8537456, 77.52248405 12.8521355, 77.52227435 12.85066165, 77.52224015 12.8502601, 77.5221597 12.8489748, 77.5417348 12.84391095, 77.5897402 12.8496736, 77.60568765 12.85395105, 77.60599055 12.85403405))",560083,Banglore,Z117,NICE Peripheral Ring Road,motorway,80,12.85776325,77.52749635
"POLYGON ((77.6286621 13.0210756, 77.62876 13.01688015, 77.63057375 13.01749175, 77.6338157 13.0220425, 77.63287495 13.0220759, 77.6286621 13.0210756))",560084,Banglore,Z160,2nd Cross Road,tertiary,30,13.01749175,77.63057375
"POLYGON ((77.5602281 12.9219556, 77.5469315 12.94041525, 77.53303475 12.9389223, 77.53172535 12.9365819, 77.53164515 12.93609865, 77.53198475 12.9267326, 77.54735 12.9202477, 77.5602281 12.9219556))",560085,Banglore,Z108,4th Main Road,residential,20,12.9259763,77.5400134
"POLYGON ((77.70738475 12.93589775, 77.7218995 12.93497165, 77.74577615 12.94214365, 77.74583115 12.9441333, 77.7201539 12.93917085, 77.70738475 12.93589775))",560087,Banglore,Z272,Eidgah Road,residential,20,12.9422381,77.7364237
"POLYGON ((77.5124906 13.0704364, 77.51248578472668 13.07033838285967, 77.5124713852804 13.070241309677984, 77.51244754033573 13.070146115322746, 77.51241447953251 13.070053716567635, 77.51237252126435 13.069965003263174, 77.51232206961231 13.06988082976698, 77.51226361045336 13.069802006715836, 77.5121977067812 13.069729293218813, 77.51212499328416 13.069663389546637, 77.51204617023302 13.069604930387698, 77.51196199673683 13.069554478735652, 77.51187328343237 13.06951252046749, 77.51178088467725 13.069479459664269, 77.51168569032201 13.069455614719597, 77.51158861714033 13.069441215273327, 77.5114906 13.0694364, 77.51139258285967 13.069441215273327, 77.51129550967799 13.069455614719597, 77.51120031532275 13.069479459664269, 77.51110791656764 13.06951252046749, 77.51101920326317 13.069554478735652, 77.51093502976698 13.069604930387698, 77.51085620671584 13.069663389546637, 77.51078349321881 13.069729293218813, 77.51071758954664 13.069802006715836, 77.5106591303877 13.06988082976698, 77.51060867873565 13.069965003263174, 77.5105667204675 13.070053716567635, 77.51053365966428 13.070146115322746, 77.5105098147196 13.070241309677984, 77.51049541527333 13.07033838285967, 77.5104906 13.0704364, 77.51049541527333 13.07053441714033, 77.5105098147196 13.070631490322016, 77.51053365966428 13.070726684677254, 77.5105667204675 13.070819083432365, 77.51060867873565 13.070907796736826, 77.5106591303877 13.07099197023302, 77.51071758954664 13.071070793284164, 77.51078349321881 13.071143506781187, 77.51085620671584 13.071209410453363, 77.51093502976698 13.071267869612303, 77.51101920326317 13.071318321264348, 77.51110791656764 13.071360279532511, 77.51120031532275 13.071393340335732, 77.51129550967799 13.071417185280403, 77.51139258285967 13.071431584726673, 77.5114906 13.0714364, 77.51158861714033 13.071431584726673, 77.51168569032201 13.071417185280403, 77.51178088467725 13.071393340335732, 77.51187328343237 13.071360279532511, 77.51196199673683 13.071318321264348, 77.51204617023302 13.071267869612303, 77.51212499328416 13.071209410453363, 77.5121977067812 13.071143506781187, 77.51226361045336 13.071070793284164, 77.51232206961231 13.07099197023302, 77.51237252126435 13.070907796736826, 77.51241447953251 13.070819083432365, 77.51244754033573 13.070726684677254, 77.5124713852804 13.070631490322016, 77.51248578472668 13.07053441714033, 77.5124906 13.0704364))",560090,Banglore,-,Unnamed Zone,residential,20,13.0704364,77.5114906
"POLYGON ((77.473816 12.99764165, 77.4720517 12.98896995, 77.4720936 12.9883507, 77.51627975 12.98044775, 77.52032115 12.98687485, 77.5218612 12.9943114, 77.50376165 13.0006838, 77.473816 12.99764165))",560091,Banglore,Z239,Magadi Road Exit,motorway_link,50,12.9927066,77.47305005
"POLYGON ((77.5932128 13.05576925, 77.5934161 13.05442225, 77.59359355 13.05722965, 77.59328315 13.05739145, 77.5932542 13.05738955, 77.5932128 13.05576925))",560092,Banglore,Z205,Bellary Road,trunk,80,13.05547365,77.5933519
"POLYGON ((77.676448 12.9830732, 77.6682174 12.98564475, 77.66891875 12.9846198, 77.6698492 12.98429745, 77.67591165 12.9826223, 77.676448 12.9830732))",560093,Banglore,Z316,"13th Cross, Kaggadasapura",residential,20,12.9826223,77.67591165
"POLYGON ((77.564106 13.0393993, 77.5713275 13.0283424, 77.5809988 13.0257608, 77.58098795 13.0277971, 77.5805983 13.03139615, 77.5783483 13.04874125, 77.57789025 13.04944805, 77.57575155 13.04846355, 77.5731105 13.04720325, 77.564106 13.0393993))",560094,Banglore,Z149,80 Feet Road,tertiary,50,13.028173,77.5727009
"POLYGON ((77.61410725 12.9312433, 77.62794255 12.93775105, 77.6117509 12.93643345, 77.61164485 12.935929, 77.61242135 12.93434815, 77.6138083 12.9316717, 77.61410725 12.9312433))",560095,Banglore,-,Unnamed Zone,service,20,12.93759705,77.6274803
"POLYGON ((77.53197285 13.0194587, 77.5278586 13.0109088, 77.5289669 13.0121026, 77.5319123 13.0192015, 77.53197285 13.0194587))",560096,Banglore,Z101,Outer Ring Road,trunk,50,13.0109088,77.5278586
"POLYGON ((77.5859437 13.07004985, 77.56043985 13.0822419, 77.55990815 13.08233725, 77.5529821 13.07782355, 77.55545935 13.0697373, 77.5601881 13.0671245, 77.5840492 13.06869005, 77.5859437 13.07004985))",560097,Banglore,Z126,Vidyaranyapura Road,secondary,40,13.08233725,77.55990815
"POLYGON ((77.50060615 12.92634005, 77.5135131 12.8934693, 77.51358205 12.89340115, 77.52514405 12.9037439, 77.5254005 12.903999, 77.527799 12.90726885, 77.5281001 12.9077593, 77.52844365 12.908319, 77.5314133 12.91509225, 77.53145385 12.9155141, 77.53141245 12.9161473, 77.51817135 12.9363069, 77.5174521 12.9362902, 77.51384225 12.9357359, 77.51366625 12.9356808, 77.51000235 12.9339059, 77.5066482 12.9313554, 77.50060615 12.92634005))",560098,Banglore,Z221,NICE Expressway,motorway,80,12.9161473,77.53141245
"POLYGON ((77.60965455 12.85487865, 77.67010175 12.84685515, 77.65847405 12.8703813, 77.65337235 12.8697355, 77.634183 12.86692835, 77.630058 12.86619015, 77.6291778 12.86590155, 77.62872145 12.86572105, 77.60965455 12.85487865))",560100,Banglore,Z117,NICE Peripheral Ring Road,motorway,80,12.86001315,77.65327125
"POLYGON ((77.63277155 12.90669315, 77.638774 12.9058093, 77.64441845 12.90629275, 77.6706742 12.9175767, 77.66857935 12.92730765, 77.66773155 12.9281731, 77.6654789 12.92774585, 77.6485638 12.92442865, 77.62273035 12.91723445, 77.6240183 12.9149263, 77.62491515 12.9136529, 77.63277155 12.90669315))",560102,Banglore,-,Unnamed Zone,service,25,12.925143,77.66470365
"POLYGON ((77.6985574 12.9155858, 77.70658315 12.93577195, 77.6976162 12.94349565, 77.6802529 12.9441883, 77.6653401 12.92286165, 77.66259665 12.9050029, 77.6732373 12.90011325, 77.6750851 12.89998135, 77.6985574 12.9155858))",560103,Banglore,Z119,Bellandur Lake Road,tertiary,20,12.93073095,77.6784899
"POLYGON ((77.54601865 12.86084605, 77.5541419 12.85506045, 77.5467898 12.8618936, 77.5462003 12.8617485, 77.54601865 12.86084605))",560108,Banglore,Z149,80 Feet Road,tertiary,50,12.85506045,77.5541419
"POLYGON ((77.5267391 12.8580242, 77.5269734 12.8584681, 77.5223445 12.85999085, 77.5218434 12.85999285, 77.5220565 12.8599019, 77.52228045 12.85980675, 77.52269895 12.8596367, 77.5267391 12.8580242))",560109,Banglore,Z117,NICE Peripheral Ring Road,motorway,80,12.8580242,77.5267391
"POLYGON ((77.47058175000001 12.9362418, 77.47057693472668 12.93614378285967, 77.47056253528041 12.936046709677983, 77.47053869033573 12.935951515322746, 77.47050562953251 12.935859116567634, 77.47046367126435 12.935770403263174, 77.47041321961231 12.93568622976698, 77.47035476045336 12.935607406715835, 77.4702888567812 12.935534693218813, 77.47021614328416 12.935468789546636, 77.47013732023302 12.935410330387697, 77.47005314673683 12.935359878735651, 77.46996443343237 12.935317920467488, 77.46987203467725 12.935284859664268, 77.46977684032201 12.935261014719597, 77.46967976714033 12.935246615273327, 77.46958175 12.9352418, 77.46948373285967 12.935246615273327, 77.469386659678 12.935261014719597, 77.46929146532275 12.935284859664268, 77.46919906656764 12.935317920467488, 77.46911035326318 12.935359878735651, 77.46902617976698 12.935410330387697, 77.46894735671584 12.935468789546636, 77.46887464321881 12.935534693218813, 77.46880873954665 12.935607406715835, 77.4687502803877 12.93568622976698, 77.46869982873565 12.935770403263174, 77.4686578704675 12.935859116567634, 77.46862480966428 12.935951515322746, 77.4686009647196 12.936046709677983, 77.46858656527333 12.93614378285967, 77.46858175 12.9362418, 77.46858656527333 12.936339817140329, 77.4686009647196 12.936436890322016, 77.46862480966428 12.936532084677253, 77.4686578704675 12.936624483432364, 77.46869982873565 12.936713196736825, 77.4687502803877 12.93679737023302, 77.46880873954665 12.936876193284164, 77.46887464321881 12.936948906781186, 77.46894735671584 12.937014810453363, 77.46902617976698 12.937073269612302, 77.46911035326318 12.937123721264348, 77.46919906656764 12.93716567953251, 77.46929146532275 12.937198740335731, 77.469386659678 12.937222585280402, 77.46948373285967 12.937236984726672, 77.46958175 12.937241799999999, 77.46967976714033 12.937236984726672, 77.46977684032201 12.937222585280402, 77.46987203467725 12.937198740335731, 77.46996443343237 12.93716567953251, 77.47005314673683 12.937123721264348, 77.47013732023302 12.937073269612302, 77.47021614328416 12.937014810453363, 77.4702888567812 12.936948906781186, 77.47035476045336 12.936876193284164, 77.47041321961231 12.93679737023302, 77.47046367126435 12.936713196736825, 77.47050562953251 12.936624483432364, 77.47053869033573 12.936532084677253, 77.47056253528041 12.936436890322016, 77.47057693472668 12.936339817140329, 77.47058175000001 12.9362418))",560110,Banglore,Z117,NICE Peripheral Ring Road,motorway,80,12.9362418,77.46958175
"POLYGON ((77.5555413 12.8955168, 77.57316855 12.90644865, 77.57012025 12.90843855, 77.5555413 12.8955168))",560111,Banglore,Z101,Outer Ring Road,trunk,50,12.90644865,77.57316855
"POLYGON ((77.65766925 13.02057665, 77.65766443472667 13.020478632859671, 77.6576500352804 13.020381559677984, 77.65762619033572 13.020286365322747, 77.6575931295325 13.020193966567636, 77.65755117126434 13.020105253263175, 77.6575007196123 13.02002107976698, 77.65744226045335 13.019942256715836, 77.65737635678119 13.019869543218814, 77.65730364328415 13.019803639546637, 77.65722482023301 13.019745180387698, 77.65714064673682 13.019694728735653, 77.65705193343236 13.01965277046749, 77.65695953467724 13.01961970966427, 77.656864340322 13.019595864719598, 77.65676726714032 13.019581465273328, 77.65666925 13.019576650000001, 77.65657123285966 13.019581465273328, 77.65647415967798 13.019595864719598, 77.65637896532274 13.01961970966427, 77.65628656656763 13.01965277046749, 77.65619785326317 13.019694728735653, 77.65611367976697 13.019745180387698, 77.65603485671583 13.019803639546637, 77.6559621432188 13.019869543218814, 77.65589623954664 13.019942256715836, 77.65583778038769 13.02002107976698, 77.65578732873564 13.020105253263175, 77.65574537046749 13.020193966567636, 77.65571230966427 13.020286365322747, 77.65568846471959 13.020381559677984, 77.65567406527332 13.020478632859671, 77.65566924999999 13.02057665, 77.65567406527332 13.02067466714033, 77.65568846471959 13.020771740322017, 77.65571230966427 13.020866934677255, 77.65574537046749 13.020959333432366, 77.65578732873564 13.021048046736826, 77.65583778038769 13.02113222023302, 77.65589623954664 13.021211043284165, 77.6559621432188 13.021283756781187, 77.65603485671583 13.021349660453364, 77.65611367976697 13.021408119612303, 77.65619785326317 13.021458571264349, 77.65628656656763 13.021500529532512, 77.65637896532274 13.021533590335732, 77.65647415967798 13.021557435280403, 77.65657123285966 13.021571834726673, 77.65666925 13.02157665, 77.65676726714032 13.021571834726673, 77.656864340322 13.021557435280403, 77.65695953467724 13.021533590335732, 77.65705193343236 13.021500529532512, 77.65714064673682 13.021458571264349, 77.65722482023301 13.021408119612303, 77.65730364328415 13.021349660453364, 77.65737635678119 13.021283756781187, 77.65744226045335 13.021211043284165, 77.6575007196123 13.02113222023302, 77.65755117126434 13.021048046736826, 77.6575931295325 13.020959333432366, 77.65762619033572 13.020866934677255, 77.6576500352804 13.020771740322017, 77.65766443472667 13.02067466714033, 77.65766925 13.02057665))",560113,Banglore,Z160,2nd Cross Road,residential,30,13.02057665,77.65666925
"POLYGON ((77.62910555 12.86598735, 77.65308905 12.86996675, 77.63985705 12.8891101, 77.63964485 12.8893063, 77.62642555 12.8856313, 77.62612305 12.8849896, 77.62596505 12.884648, 77.6254581 12.87784485, 77.6290719 12.8660374, 77.62910555 12.86598735))",560114,Banglore,-,Unnamed Zone,tertiary,40,12.8750211,77.6488995
"POLYGON ((77.6609613 12.86041885, 77.6550964 12.8679785, 77.6543783 12.8688759, 77.65391665 12.86943545, 77.6535493 12.86988045, 77.6533827 12.86997255, 77.65341185 12.8699336, 77.6537109 12.86955325, 77.6607133 12.86066735, 77.6609613 12.86041885))",560500,Banglore,Z238,Electronic City Elevated Expressway,motorway,60,12.86066735,77.6607133
